INSERT INTO ORIGEM_DESTINO (CODIGO_CHAVE_OD,CODIGO_CHAVE_EXTRATO,VALOR_TRANSACAO,NUMERO_DOCUMENTO_TRANSACAO,NUMERO_BANCO_OD,NUMERO_AGENCIA_OD,NUMERO_CONTA_OD,TIPO_CONTA_OD,TIPO_PESSOA_OD,CPF_CNPJ_OD,NOME_PESSOA_OD,NOME_DOC_IDENTIFICACAO_OD,NUMERO_DOC_IDENTIFICACAO_OD,CODIGO_DE_BARRAS,NOME_ENDOSSANTE_CHEQUE,DOC_ ENDOSSANTE_CHEQUE,SITUACAO_IDENTIFICACAO,OBSERVACAO)
VALUES
(1001,1,100000,'123',001,0101,'4455',1,2,01210313000137,'EMPRESA','DE CARRO','','','','','0','DINHEIRO'),
(1002,2,50000,'1241',0,0,'',0,1,0,'ENVOLVIDO 4','RG','442456 SSP/PE','','','','0',''),
(1003,2,50000,'1242',0,0,'',0,1,0,'ENVOLVIDO 4','RG','442456 SSP/PE','','','','0',''),
(1004,3,45250,'101',0,0,'',0,0,01666666000146,'NOME DO CEDENTE','','','84610000001058100100509051499836863214040508','','','0',''),
(1005,4,400000,'0122',888,0101,'222221',1,1,12345678909,'MARLENE MATOS','','','','','','0',''),
(1006,5,100050,'4654',104,2344,'77777',1,2,11112222333359,'CALDOS E COMPANHIA SA','','','','','','0',''),
(1009,6,100000,'46546',0,0,'',0,0,0,'','','','','','','0',''),
(1010,7,100000,'041651',0,0,'',0,0,0,'RECEBEDOR DO CHEQUE FINAL','','','','','','0',''),
(1011,8,100000,'254',0,0,'',0,0,78943213204,'PESSOA BENEFICIARIA DO CHEQUE FINAL','','','','NOME DO ENDOSSANTE','RG 12334 SSP/DF','0','SAQUE EM ESPECIE'),
(1012,9,900000,'126',888,0103,'333331',1,2,11112222111100,'PJ MATERIAIS DE CONSTRUÇÃO','','','','','','0',''),
(1013,10,100000,'127',104,2311,'001004445',0,1,66666666151,'MARIA DA SILVA','','','','','','0',''),
(1014,11,150000,'2123',888,0102,'456555',1,1,55555555121,'FULANO DA SILVA','','','','','','0',''),
(1015,11,50000,'2123',001,2315,'9799',0,1,77777777181,'CICLANO DE SOUZA','','','','','','0',''),
(1016,12,150000,'2123',888,0102,'456555',1,1,55555555121,'FULANO DA SILVA','','','','','','0',''),
(1017,13,50000,'2123',001,2315,'9799',0,1,77777777181,'CICLANO DE SOUZA','','','','','','0',''),
(1018,14,1300000,'015',104,2122,'9890980',0,1,01234567890,'PESSOA QUE RECEBEU O DOC','','','','','','0',''),
(1019,15,340000,'016',205,0005,'004756',0,2,77778888777745,'EMPRESA QUE FEZ O TED','','','','','','0',''),
(1020,16,200000,'017',0,0,'',0,0,0,'','','','','','','0',''),
(1021,17,500000,'018',0,0,'',0,0,0,'','','','','','','0',''),
(1022,18,205450,'001542',0,0,'',0,0,0,'NOME PESSOA DO VERSO','RG','78954','','JOSE ENDOSSOU ANVERSO','RG 777','0',''),
(1023,19,450000,'22601',888,0102,'07303',1,1,35463200009,'JOAO ALMEIDA','','','','','','0',''),
(1024,19,550000,'22602',604,6016,'6466001',0,2,03456273000133,'EMPRESA DO PAPAI','','','','','','0',''),
(1025,20,3800000,'227',0,0,'',0,0,0,'','','','','','','0',''),
(1026,21,450000,'22601',888,0102,'07303',1,1,35463200009,'JOAO ALMEIDA','','','','','','0',''),
(1027,22,550000,'22602',604,6016,'6466001',0,2,03456273000133,'EMPRESA DO PAPAI','','','','','','0',''),
(1028,23,550000,'22602',604,6016,'6466001',0,2,03456273000133,'EMPRESA DO PAPAI','','','','','','0',''),
(1029,24,40000,'10333',888,0101,'111111',0,1,20050506870,'INVESTIGADO','200','','','','','0','');

INSERT INTO EXTRATO (CODIGO_CHAVE_EXTRATO,NUMERO_BANCO,NUMERO_AGENCIA,NUMERO_CONTA,TIPO_CONTA,DATA_LANCAMENTO,NUMERO_DOCUMENTO,DESCRICAO_LANCAMENTO,TIPO_LANCAMENTO,VALOR_LANCAMENTO,NATUREZA_LANCAMENTO,VALOR_SALDO,NATUREZA_SALDO,LOCAL_TRANSACAO)
VALUES
(1,888,0101,'111111',1,conver(date,'01012006'),'123','PAGTO SALARIO',219,100000,'C',5100000,'C','AGENCIA TESTE - BRASILIA/DF'),
(2,888,0101,'111111',1,conver(date,'01012006'),'124','DEPOSITO',201,100000,'C',5200000,'C','AGENCIA TESTE - BRASILIA/DF'),
(3,888,0101,'111111',1,conver(date,'01012006'),'101','PGTO LUZ',105,45250,'D',5154750,'C','TELEFONE'),
(4,888,0101,'111111',1,conver(date,'01012006'),'0122','TRANSFER',117,400000,'D',5114750,'C','INTERNET'),
(5,888,0101,'111111',1,conver(date,'01022006'),'4654','TED OUTRO BCO',209,100050,'C',5214800,'C','AGENCIA DA SERRA'),
(6,888,0101,'111111',1,conver(date,'01022006'),'46546','SAQUE TERMINAL',114,100000,'D',5114800,'C','PAB ALTAMIRA - BELEM/PA'),
(7,888,0101,'111111',1,conver(date,'01032006'),'041651','CHEQUE DESCONTADO',101,100000,'D',5014800,'C','AGENCIA DA LAGOA - RIO DE JANEIRO'),
(8,888,0101,'111111',1,conver(date,'01042006'),'254','CHEQUE DESCONTADO',101,100000,'D',4914800,'C','AGENCIA DA SERRA'),
(9,888,0101,'111111',1,conver(date,'01052006'),'126','DEPOSITO CHEQUE',201,900000,'C',5814800,'C',''),
(10,888,0101,'111111',1,conver(date,'01052006'),'127','DEPOSITO CHEQUE',201,100000,'C',5914800,'C','LOTERICA JK - BRASILIA/DF'),
(11,888,0103,'333331',1,conver(date,'01012006'),'2123','DEPOSITO CH BLOQ',201,200000,'*',5914800,'C',''),
(12,888,0103,'333331',1,conver(date,'03012006'),'212301','LIBERACAO CH BLOQ',201,150000,'C',6064800,'C',''),
(13,888,0103,'333331',1,conver(date,'03012006'),'212302','LIBERACAO CH BLOQ',201,50000,'C',6065300,'C',''),
(14,888,0103,'333331',1,conver(date,'03012006'),'2022','DOC',120,1300000,'D',4765300,'C',''),
(15,888,0103,'333331',1,conver(date,'04012006'),'2654','TED OUTRO BCO',209,340000,'C',4799300,'C',''),
(16,888,0103,'333331',1,conver(date,'08012006'),'26546','SAQUE TERMINAL',114,200000,'D',4599300,'C','SUPERMERCADO'),
(17,888,0103,'333331',1,conver(date,'09012006'),'241651','SAQUE 24H',114,500000,'D',4099300,'C','POSTO IGREJINHA - BRASILIA/DF'),
(18,888,0103,'333331',1,conver(date,'09012006'),'254','CHEQUE PAGO',101,205450,'D',3893850,'C',''),
(19,888,0103,'333331',1,conver(date,'01022006'),'226','DEPOSITO CH BLOQ',201,1000000,'*',3893850,'C','LOTERICA SAO GON'),
(20,888,0103,'333331',1,conver(date,'02022006'),'227','BLOQUEIO JUDICIAL',122,3800000,'*',3893850,'C',''),
(21,888,0103,'333331',1,conver(date,'07022006'),'4500','LIBERACAO DE CH',201,450000,'C',4343850,'C',''),
(22,888,0103,'333331',1,conver(date,'07022006'),'4501','LIBERACAO DE CH',201,550000,'C',4893850,'C',''),
(23,888,0103,'333331',1,conver(date,'07022006'),'4502','ESTORNO CH DEVOL',103,550000,'D',4343850,'C',''),
(24,888,0103,'333331',1,conver(date,'08022006'),'10333','TRANSFER AUTOMATICO',213, 40000,'C',4383850,'C','');

INSERT INTO TITULARES (NUMERO_BANCO,NUMERO_AGENCIA,NUMERO_CONTA,TIPO_CONTA,TIPO_TITULAR,PESSOA_INVESTIGADA,TIPO_PESSOA_TITULAR,CPF_CNPJ_TITULAR,NOME_TITULAR,NOME_DOC_IDENTIFICACAO,NUMERO_DOC_IDENTIFICACAO,ENDERECO_LOGRADOURO,ENDERECO_CIDADE,ENDERECO_UF,ENDERECO_PAIS,ENDERECO_CEP,TELEFONE_PESSOA,VALOR_RENDA,DATA_ATUALIZACAO_RENDA,DATA_INICIO_RELACIONAMENTO,DATA_FIM_RELACIONAMENTO)
VALUES
(888,0102,'456555',1,'T',0,1,55555555121,'FULANO DA SILVA (PESSOA NO MESMO BANCO)','CNH','546789','','','','','','',0,null,convert(date,'01012001'),convert(date,'01012001')),(888,0102,'07303',1,'1',0,1,35463200009,'JOAO ALMEIDA','','','','','','','','',0,null,convert(date,'01012001'),null),
(888,0103,'333331',1,'T',1,1,76527514700,'INVESTIGADO 765','RG','44566','ENDERECO INVESTIGADO 1','CIDADE 1','DF','BRASIL','70000101','6140004545',400000,convert(date,'01012001'),convert(date,'01012001'),null),
(888,0101,'111111',1,'T',1,1,20050506870,'INVESTIGADO 200','RG','101444','ENDERECO INVESTIGADO 1','CIDADE 1','DF','BRASIL','70000101','6140004545',400000,convert(date,'01012001'),convert(date,'20012001'),convert(date,'19122001')),(888,0101,'222221',2,'T',0,1,12345678909,'MARLENE MATOS','RG','102222','ENDERECO ENV02 CC 12','CIDADE 2','GO','BRASIL','54054400','6248989898',500000,convert(date,'01012001'),convert(date,'01012001'),null),
(888,0103,'333331',1,'1',0,2,59717553000617,'EMPRESA DO INVESTIGADO 200','CONTRATO SOCIAL','33433','ENDERECO ENV 03 MG','CIDADE 3','MG','BRASIL','34054400','3138989898',300002,convert(date,'01012001'),convert(date,'01012001'),null);

INSERT INTO CONTAS (NUMERO_BANCO,NUMERO_AGENCIA,NUMERO_CONTA,TIPO_CONTA,DATA_ABERTURA_CONTA,DATA_ENCERRAMENTO_CONTA,MOVIMENTACAO_CONTA)
VALUES
(888,0101,'111111',1,convert(date,'01012001'),convert(date, '31122006'),1),
(888,0101,'222221',2,convert(date,'01012001'),null,3),
(888,0103,'333331',1,convert(date,'01012001'),null,1),
(888,0102,'456555',1,null,null,3),
(888,0102,'07303',1,null,null,3);

 INSERT INTO AGENCIAS (NUMERO_BANCO,NUMERO_AGENCIA,NOME_AGENCIA,ENDERECO_LOGRADOURO,ENDERECO_CIDADE,ENDERECO_UF,ENDERECO_PAIS,ENDERECO_CEP,TELEFONE_AGENCIA,DATA_ABERTURA_AGENCIA,DATA_FECHAMENTO_AGENCIA)
VALUES
(888,0101,'AGENCIA 101','ENDERECO DA AGENCIA ','CIDADE 1','DF','BRASIL','70000000','6144444444',convert(date, '01011990'),null),
(888,0102,'AGENCIA 102','ENDERECO DA AGENCIA ','CIDADE 2','GO','BRASIL','80000000','6255555555',convert(date, '01011990'),convert(date, '01012008')),(888,0103,'AGENCIA 103','ENDERECO DA AGENCIA ','CIDADE 3','GO','BRASIL','30000000','6233333333',convert(date, '03011990'),null),
(888,0104,'AGENCIA 104','ENDERECO DA AGENCIA ','CIDADE 4','MG','BRASIL','40000000','4133333333',convert(date, '04011990'),null),
(888,7107,'AGENCIA 7107','ENDERECO AGENCIA 710','CIDADE 7','MT','BRASIL','70000000','7133333333',convert(date, '07011990'),null),
(888,8108,'AGENCIA 8108','ENDERECO AGENCIA 800','CIDADE 8','MS','BRASIL','80000000','8133333333',convert(date, '08011990'),null),
(888,8106,'AGENCIA AMERICANA','FLORIDA','NEW CITY','--','ESTADOS UNIDOS','NAOTEM','+55-00-9855-77771111',convert(date, '08011990'),null);